{
  "best_model": "Random Forest",
  "best_vectoriser": "BoW",
  "f1_macro": 0.8568,
  "all_results": [
    {
      "vectoriser": "BoW",
      "model": "Random Forest",
      "f1_pos": 0.9624,
      "f1_neg": 0.7512,
      "f1_macro": 0.8568
    },
    {
      "vectoriser": "BoW",
      "model": "Naive Bayes",
      "f1_pos": 0.9626,
      "f1_neg": 0.7398,
      "f1_macro": 0.8512
    },
    {
      "vectoriser": "TF-IDF",
      "model": "Random Forest",
      "f1_pos": 0.9606,
      "f1_neg": 0.7371,
      "f1_macro": 0.8488
    },
    {
      "vectoriser": "TF-IDF",
      "model": "Naive Bayes",
      "f1_pos": 0.9625,
      "f1_neg": 0.7239,
      "f1_macro": 0.8432
    },
    {
      "vectoriser": "BoW",
      "model": "Linear SVM",
      "f1_pos": 0.9551,
      "f1_neg": 0.7179,
      "f1_macro": 0.8365
    },
    {
      "vectoriser": "BoW",
      "model": "Logistic Regression",
      "f1_pos": 0.953,
      "f1_neg": 0.7149,
      "f1_macro": 0.834
    },
    {
      "vectoriser": "TF-IDF",
      "model": "Gradient Boosting",
      "f1_pos": 0.9609,
      "f1_neg": 0.7,
      "f1_macro": 0.8304
    },
    {
      "vectoriser": "TF-IDF",
      "model": "Logistic Regression",
      "f1_pos": 0.9489,
      "f1_neg": 0.7043,
      "f1_macro": 0.8266
    },
    {
      "vectoriser": "BoW",
      "model": "Gradient Boosting",
      "f1_pos": 0.9606,
      "f1_neg": 0.6912,
      "f1_macro": 0.8259
    },
    {
      "vectoriser": "TF-IDF",
      "model": "Linear SVM",
      "f1_pos": 0.9487,
      "f1_neg": 0.6976,
      "f1_macro": 0.8231
    }
  ],
  "label_mapping": {
    "0": "Negative (Rating 1-2)",
    "1": "Positive (Rating 4-5)"
  },
  "dataset": "reviews_badminton/data.csv  (YONEX MAVIS 350)",
  "total_samples": 7805
}