{
  "best_model": "Random Forest",
  "best_vectoriser": "BoW",
  "best_run_id": "f5cb2737dda24daca8744b1d361b03fc",
  "f1_macro": 0.8568,
  "all_results": [
    {
      "run_id": "f5cb2737dda24daca8744b1d361b03fc",
      "vectoriser": "BoW",
      "model": "Random Forest",
      "f1_pos": 0.9624,
      "f1_neg": 0.7512,
      "f1_macro": 0.8568,
      "accuracy": 0.9347
    },
    {
      "run_id": "d8d812695b0b42dda7c7a3f84a3c1de5",
      "vectoriser": "BoW",
      "model": "Naive Bayes",
      "f1_pos": 0.9626,
      "f1_neg": 0.7398,
      "f1_macro": 0.8512,
      "accuracy": 0.9347
    },
    {
      "run_id": "5445889bfd7a4e4488201da71bc1f50e",
      "vectoriser": "TF-IDF",
      "model": "Random Forest",
      "f1_pos": 0.9606,
      "f1_neg": 0.7371,
      "f1_macro": 0.8488,
      "accuracy": 0.9315
    },
    {
      "run_id": "4215bf4cea0344d4a98735c2cb781c3e",
      "vectoriser": "TF-IDF",
      "model": "Naive Bayes",
      "f1_pos": 0.9625,
      "f1_neg": 0.7239,
      "f1_macro": 0.8432,
      "accuracy": 0.934
    },
    {
      "run_id": "6c9fa61ca09c49f29e78d176ee1e21fe",
      "vectoriser": "BoW",
      "model": "Linear SVM",
      "f1_pos": 0.9551,
      "f1_neg": 0.7179,
      "f1_macro": 0.8365,
      "accuracy": 0.9225
    },
    {
      "run_id": "68ceef9c49c445dc8342318f86ce1db4",
      "vectoriser": "BoW",
      "model": "Logistic Regression",
      "f1_pos": 0.953,
      "f1_neg": 0.7149,
      "f1_macro": 0.834,
      "accuracy": 0.9193
    },
    {
      "run_id": "374b14ac702843848dd284431914f8e9",
      "vectoriser": "TF-IDF",
      "model": "Gradient Boosting",
      "f1_pos": 0.9609,
      "f1_neg": 0.7,
      "f1_macro": 0.8304,
      "accuracy": 0.9308
    },
    {
      "run_id": "c9b64a23a60b424d893210e66fa8b068",
      "vectoriser": "TF-IDF",
      "model": "Logistic Regression",
      "f1_pos": 0.9489,
      "f1_neg": 0.7043,
      "f1_macro": 0.8266,
      "accuracy": 0.9129
    },
    {
      "run_id": "114f99c2cf3a46b9a30ad3064b12b297",
      "vectoriser": "BoW",
      "model": "Gradient Boosting",
      "f1_pos": 0.9606,
      "f1_neg": 0.6912,
      "f1_macro": 0.8259,
      "accuracy": 0.9302
    },
    {
      "run_id": "6061dc3e862945b1b911a9deb83391c4",
      "vectoriser": "TF-IDF",
      "model": "Linear SVM",
      "f1_pos": 0.9487,
      "f1_neg": 0.6976,
      "f1_macro": 0.8231,
      "accuracy": 0.9122
    }
  ],
  "mlflow_tracking_uri": "file:////Users/saryugundimeda/Documents/Innomatics Tasks/flipkart-sentiment-app/mlruns"
}